Religious Affliation,South Asian Heritage,Cause of Mental Health problems,Treatability,Treatments,Experience or Wittnessed stigma,Incident Description
Islam,Maldives,Lifestyle and genetics.,No,They can be brought under control but not cured.,Experienced,Was told to go off antidepressants because depression is “not real”
None,Maldives,Genetics and mentality,No,N/A,Experienced,Annoying in time
Hindhu,India,Genetics,No,It's something you are born with,Experienced,N/A
Islam,Maldives,"Genetics, environment and trauma",Yes,"With medication, therapy and a lot of will power",Experienced,Yes
Islam,Maldives,Stress and uncertainty,Yes,Psychoherapy and psychopharmaceuticals,Experienced,When saying I am going to consult a Psychologist I was asked whether i am psycho.
Islam,Maldives,"Stress, relationships (friends, family), upbringing etc",Yes,Through therapy and recovery as per how comfortable the patient is,Experienced,Was told that depression is just something they say to get out of fulfilling responsibilities
Islam,Maldives,"Lack of awareness, education and due to both biological and environmental factors",Yes,Mental heal can be treated by self care and proffesioneler help,Experienced,Was labelled as a person with lack or eman and crazy
Islam,Maldives,Life?,Yes,"Takes time, patience and help",Experienced,Was going through a panic attack and had to stay with her till it resided
Islam,Maldives,Environment,Yes,Medication/ psychotherapy/ CBT,Experienced,Underestimating ability of a person with mental health issues
Islam,Maldives,"Stress , tension",Yes,"By meditating, medication",Experienced,Stress and anxiety
Islam,Maldives,"Socio-economic problems,",Yes,With right techniques over time,Experienced,Some people considering mental health problems are due to lack of faith
Islam,Maldives,Biological social and environmental factors,Yes,Yes there can be treatments to manage the illness,Experienced,Seen many people hide their symptoms and not share their experiences because of what others may think
Islam,Maldives,Moslty due to self esteem and societal views,Yes,By getting professional help,Experienced,Seeing people blame the person’s religiosity
Islam,Maldives,Stress and Trauma,Yes,Therapy and Medication,Experienced,People think they can’t be relied upon
Islam,Maldives,"Can be anything. Trauma, family problems, stress, etc…",Yes,N/A,Experienced,People think having a mental condition means that the person is crazy or something.
Islam,Maldives,Genetics + experiences,Yes,N/A,Experienced,People not believing in the condition itself & asking to be more religious for you to be okay
Islam,Maldives,trauma,Yes,through both therapy and medication. strong support group,Experienced,people making fun of my suicide attempt
Islam,Maldives,Trauma,Yes,Medication and therapy and help from loved ones,Experienced,"People look down on you, assume you can’t fully achieve much, assume you’re crazy."
Islam,Maldives,stressful life evens,Yes,"they are many ways nowaday mental health can be treated. by therapies, medications",Experienced,"one of close friend.. we think she needs help.. she said she doesn't need help and it's effecting so much on her health, work and personal life"
Islam,Maldives,stress and relationship issues,Yes,therapies and medication,Experienced,one of close friend. she need help badly but she is scared to go for therapy because of what peoole will say
Islam,Maldives,Society,Yes,Support and assistance,Experienced,N/A
Islam,Maldives,Trauma,Yes,therapy,Experienced,N/A
Islam,Maldives,Loss of loved ones,Yes,With help,Experienced,N/A
Islam,Maldives,Stress,Yes,Proper counselling,Experienced,N/A
Agnostic,Maldives,generational trauma and childhood trauma,Yes,you can learn how to cope and how to live with them.,Experienced,my mental illness went ignored during childhood because i was assumed to be dramatic - even when there were sudden changes in behaviour and clear signs. when i first asked for help i was told to try harder.
Islam,Maldives,Stress and difficult living situation,Yes,With medications and councelig,Experienced,"Moya naasira story, I hope you will know that story"
Agnostic,Maldives,"stress, childhood trauma, other traumatic and abusive experiences",Yes,N/A,Experienced,mental illnesses are considered as an excuse or not real
Islam,Maldives,Less faith and lack of love,Yes,Have more faith in the creator and witty love and care,Experienced,Losing temper and getting hysterical
Islam,Maldives,being alone,Yes,through therapy,Experienced,leaving them out
Islam,Maldives,"Childhood trauma related to bullying, comparison with other kids around you by your family or teachers, abuse, troubled family, constant bickering around you, isolation, etc,.",Yes,"Consult a professional, be around people who understands you and supports your wellbeing.",Experienced,It’s hard to explain. So many of my own mental health conditions are challenging. It’s not easy. Especially when you don’t have people around you who gives full consideration into your comfort zones.
Islam,Maldives,"Childhood trauma, family trauma, stress",Yes,"Loved once or professional help, self",Experienced,It's usually of arrogance. Not understanding
Islam,Maldives,A lot of things.,Yes,N/A,Experienced,I was told that Depression is not real.
Islam,Maldives,"Social and financial circumstances, biological factors, and lifestyle choices",Yes,With proper treatments they can also lead a better life,Experienced,"I started having ptsd after the loss of my baby, people tend to left me out, got no one to talk to and fails understand how badly you might need help"
Islam,Maldives,Environment and genetics,Yes,With professional help it can be treated but some disorders cannot be treated but symptoms can be managed,Experienced,I have been told that I am overreacting and pretending for attention
Islam,Maldives,Stess / childhood trauma,Yes,By therapy. Medication. Understanding people around you,Experienced,Got told by some of the family members that im constantly acting being in fear and being diagnosed with this is not a valid reason it doesn’t exist. And if even if its true it’s because im not a good person
Agnostic,Maldives,"Very multifactorial, based on both nature and environmental conditions",Yes,Behavioural therapy or/and medications.,Experienced,"Generally being referred to as ""crazy people"""
Islam,Maldives,Stress and way of life,Yes,"With proper treatment and support from everyone, it can be treated",Experienced,"Feels left out, no one knows what to say or do be supportive everyone is busy with there own lives, healthcare system is too expensive to afford and at times the people to aware you don't give you supportive statements as well.."
Islam,Maldives,Unable to deal with trauma and handle emotions,Yes,Therapy,Experienced,Family elders think that mental health conditions are not real and that they are caused by lack of faith. That i just need to pray to get better.
Islam,Maldives,Nature and nurture,Yes,"With proper therapy, medication (if necessary) and with a good support system",Experienced,"Called being lazy all the time, called crazy, called that overthinking and to snap out of it"
Islam,Maldives,Poor past and traumatic experiences,Yes,"Yes, have been seeing improvements myself after taking EMDR therapy",Experienced,Called as a person with low faith. Just pray and do Hijama and it will be treated. Therapy is useless
Islam,Maldives,"genetics, living conditions, situations faced by individuals in life",Yes,"through guided therapy, medication and a lot of willpower and willingness to be better from the individual in question",Experienced,being shamed for lack of hygiene and inability to meet deadlines which was a result of depression. being labeled as lazy for sleeping all the time.
Islam,Maldives,"Genetics, Trauma",Yes,Appropriate behavioural therapy,Experienced,Accused of seeking attention / exaggeration
Islam,Maldives,A combination you of nature and nurtue,Yes,Medication and therapy,Experienced,"A number of close friends being told to pray more when they’re extremely suicidal and depressed, family asking to keep their scars and stories hidden"
Islam,Maldives,"Traumatic experiences, Family problems and other social issues.",Yes,By therapy and support from family and friends or close people.,Experienced,"A friend who is suicidal, doesn't get much help from family or therapy or he just don't want to get better."
Hindhu,India,"family, environment, genetic traits",Yes,"Counselling, drug treatment, change in environment and change in behavior",Experienced,"I have seen children and elderly people suffering from mental health in the society, who are tortured by the family and society. Seeing their behavior, instead of understanding them, people tease and beat them."
Hindhu,India,"Family history, stress, addictions, genetics, environmental causes",Yes,"Some can be treated and some can be managed with medication, therapy, in patient care, family and friends' support",Experienced,"Yes. I have seen many people who think that mental health problems is an act or a a stunt for sympathy. It's nothing. Just get up and go to work, you'll be fine. Or people just call you crazy."
Hindhu,India,The upbringing of a Child does have an impact on their personalities plus some hereditary conditions.,Yes,Through therapy and ofcourse medications,Experienced,YES In my family my father had a stigma of not visiting Psychiatrist as its just on what we think if we change our thinking patterns we will get healed ourselves.
Hindhu,India,Stress,Yes,By taking professoional guidance.,Experienced,Yeah I have the person was suffering from depression . He got an anxiety attack.
Hindhu,India,Stress regarding anything that is causing disturbances in lifestyle.,Yes,Cope mechanisms are taught which can help the person focus onto positive thing and achieve potential.,Experienced,"Yea , I was when my friend said I'm feeling low my other friends said instead she drama kid."
Hindhu,India,"Society, family pressure, peers",Yes,By taking therapy and self motivation,Experienced,When I was 14 years old I saw a boy getting bullied due to his hyperactive behavior and people would take advantage of him
Hindhu,India,Family issues,Yes,Visiting a psychologist or talking to your loved ones or engaging yourself in some activity that interest you.,Experienced,They mentioned you don’t have to visit a psychologist for this
Hindhu,India,"Genetics to some extent (my mother had undiagnosed bipolar disorder); cultural stigma and denial (even though my father was a psychiatrist); toxic environment: lot of pressure that exacerbated stress, anxiety, burnout, and substance abuse",Yes,"I shy away from the word ""treat;"" I instead say ""manage,"" and it's done by a combination of meditation, cognitive behavioral therapy (CBT), healthy relationships, nutrition, exercise, meditation, mindfulness, and breathwork",Experienced,"There was huge stigma: my father refused to admit that there was mental illness in my family, even though it was ""hiding in plain sight:"" job instability, unstable relationships, lack of sleep, irritability, fluctuation from grandiose highs to dark lows, etc. He didn't want to acknowledge that I had Bipolar disorder. Also, my wife (who eventually became my number one supporter) initially refused to accept any idea that I had bipolar disorder, thinking that I just needed to ""think more positively."" This prevented me from getting diagnosis and seeking treatment."
Hindhu,India,"various stimuli like family, societal pressure",Yes,medications and therapies,Experienced,people with Cerebral Palsy or even schizophrenia are labeled as being mad.
Islam,India,"There are many reasons, but to broaden it, i believe the interplay of nature vs nurture",Yes,If the individual is willing to get treated by the right mental health expert and has the available resources,Experienced,People saying that the new generation is making up issues over small small things and then calling it anxiety and depression
Hindhu,India,"Genetic, environmental, social",Yes,Consulting with therapist/psychologist,Experienced,Parents believing that mental health conditions in children is just a 'phase'
Jain,India,"Most likely environmental factors, My family has a history of depression as well, so I would say genetic factors as well.",Yes,"I have been receiving treatment for my depression through medicine and CBT, it has worked well for me so far.",Experienced,"Often some of my family members would call me lazy, or would say I am ""Just sad"""
None,India,"Parental trauma, societal pressure",Yes,N/A,Experienced,N/A
Hindhu,India,Bio-psycho-socio and environmental factors,Yes,N/A,Experienced,N/A
Hindhu,India,"Triggers, chemicals in the brain, genes, trauma",Yes,Professional help.,Experienced,N/A
Hindhu,India,By birth and sometimes stress,Yes,N/A,Experienced,N/A
Hindhu,India,environmental conditions,Yes,N/A,Experienced,N/A
Hindhu,India,none,Yes,therapy,Experienced,mental health to be neglected
Islam,India,Life,Yes,Not sure. Trialing anything and everything,Experienced,Medicine will make the depression worse. People believe self help is the best way and medication should be avoided.
Hindhu,India,Genetics and nurturing depending on person,Yes,"Holistic and western remedies depending on what works pee individual based on their severity, accessibility, etc",Experienced,"In addition to anxiety I am on the autistic spectrum just like my brother. He was diagnosed quick due to language issues yet I got no diagnosis until I sought help as adult despite my many academic and social emotional learning challenges. I think this had a lot to do with gender and model minority myth. My parents had advanced degrees and saw me as a kid smart enough to do anything but too lazy, and to this day I'm seen as not trying hard enough."
Christian,India,"Various factors including cognitive, psychosocial and biological causes",Yes,"The etiology can be understood and measures can be taken to provide the proper treatment, whether through therapy, various interventions or medication depending on the severity of the condition.",Experienced,"I would get panic attacks and people said I was just faking it for attention, or that I just needed to calm down and breathe."
Hindhu,India,My thinking patterns,Yes,With the help of professionals and one's own will one can achieve the results one is expecting from therapy.,Experienced,I myself did experience a situation where i was made to feel bad  about my psychological well-being.
Hindhu,India,"Severe stress of academics and my family, also it's genetical",Yes,With proper therapy and psychiatric medicines if needed,Experienced,I have experienced stigma in my family itself as they used to believe there is no need to seek help for metal disorders and that made my depression worse
Hindhu,India,Family,Yes,By seeking therapy,Experienced,I have experienced social stigma of what people will think regarding my mental health problems
Hindhu,India,stress. Society and the way they think on people. Anxiety,Yes,By talking about issues to a professional,Experienced,I have epilepsy and was Almost suicidal as I don’t drive and when I talk about it to people it helps. I know that others in my same diagnosis feel the same so it’s good to talk about it or find a hobby to keep me busy so I don’t think I have it
Atheist,India,An individual’s innate nature and their environment can both be contributing causes,Yes,People will get better if they receive help but some may never be cured completely.,Experienced,I have anxiety issues and suffer from attacks frequently. Many people have asked me to get over it or to stop overthinking.
None,India,Genetics and day to day life stress maybe,Yes,Therapy interventions,Experienced,I had to tell my family that m taking a study classes when I started therapy
None,India,Genitics or day to day life stress,Yes,Therapy interventions,Experienced,I had to tell my family that m taking a study classes when I started therapy
Hindhu,India,Negative thoughts,Yes,N/A,Experienced,Fear of loosing loved ones
Hindhu,India,"childhood trauma, defective parental upbringing, societal beliefs",Yes,coping strategies,Experienced,due to my social anxiety i have heard many times that I wouldn't be able to have a proper career or would end up doing nothing
Agnostic,India,"Immediate Environment, Genetics, Trauma",Yes,"In the short term, steering away from drastic events such as suicide/self harm and treat long term mental illness with coping tools and most importantly a support system that can assure longevity of successful treatment.",Experienced,"Both experienced stigma against my struggles and witnessed the same with others, mostly alienation from close friends presumably due to lack of information regarding the matters, exhaustion or irritability from engaging in others crisis situations and fear associated with the stigmatised and dramatic representation of mental health conditions."
Hindhu,India,"Depends on the treatment recieved by the individual from people around them, environment and family and genes",Yes,With professional help and support and a supportive environment,Experienced,"Been told it’s a phase and would pass on, called selfish and attention seeking"
Hindhu,India,Various Stressful stimuli like family,Yes,Medication and therapy,Experienced,A person with schizophrenia or even cerebral palsy is labelled as being mad in the community.
Hindhu,India,childhood trauma,Yes,therapy,Experienced,a friend with bpd always feeling left out
Islam,India,"Genetics, trauma, environmental factors.",Yes,"With proper diagnosis, medications, and support system that encourages a healthy lifestyle, yes, many mental health issues can be treated.",Experienced,"A family friend of mine was diagnosed with a severe mental disorder, schizophrenia and BPD. But they were afraid to reach out to their own family members and friends because they grew up in an environment where a person with any emotional disturbance or mental issues were labelled as crazy and we're outcasted. This person stay in denial about their illness through their whole life living in that fear."
Islam,Pakistan,"Childhood traumas, bad experiences with your loved ones, insecurities",Yes,They can be treated but it takes alot of time to heal,Experienced,"Yes, when i was having bad mental health everyone said you're over sensitive. People easily said that you're attention seeker"
Islam,Pakistan,"Extreme Pressure of society, Relationship without marriage, pressure from university or home, Lack of Consultation, Anxiety etc",Yes,"Yes, by diagnosing and treating properly can treat mental health conditions.",Experienced,"Yes, in my hostel my room mate suffered from mental health issues due to extreme depression. She used to take sleeping pills. Then we got her treated from psychiatrist."
Islam,Pakistan,"Mental health is very important for everyone their several causes of mental health conditions like family disturbance, environment factors, genetic factors and individual personal disturbance from their life.",Yes,By contacting best psychologist and psychiatrist and take regular sessions and therapies or medicine cure this condition.,Experienced,Yes In my internship I see lot of people's suffering form different mental disorders. Some have depression and show no interest in every activity and always in his depressed mood.
Islam,Pakistan,N/A,Yes,Because of different issues in life may be financially or practically or Any other reason,Experienced,Through a depression because of some issues
Islam,Pakistan,Can be genetic issues or environmental causes,Yes,Because there are some therapies and treatment out there to trear.,Experienced,They thought that it is because of evil eye
Islam,Pakistan,Yes because it is very important to live in healthy environment,Yes,To spend healthy life,Experienced,The experience wasn't good
Islam,Pakistan,"Could be anything, past traumas or could be genetically inherited",Yes,Very hard but yes if the person is strong enough  to fight back and to accept their mental health struggle and shows his/her commitment to themselves that they will overcome their condition.,Experienced,Sometimes mental health issue become part of their personality and they unwillingly hurt other people by words or their attitude.
Islam,Pakistan,"traumatic experiences ie abusive relationship, childhood experiences, death of loved ones, sexual assault etc.",Yes,"with familial and community support, therapy and medication",Experienced,"people with asd are considered ""lesser"" than neurotypical folks. they r looked down upon and discriminated against"
Atheist,Pakistan,"a mix of genetics, environment, and trauma",Yes,It can't be cured but it can be managed with medication and talk therapy,Experienced,People treated me like I was less intelligent and less capable
Islam,Pakistan,Depression,Yes,N/A,Experienced,N/A
Islam,Pakistan,Genetics Enviormnetal SES,Yes,N/A,Experienced,N/A
Islam,Pakistan,Over thinking,Yes,N/A,Experienced,N/A
Islam,Pakistan,Arguments between our parents,Yes,By visiting doctor,Experienced,N/A
Islam,Pakistan,Family and friends environement.,Yes,N/A,Experienced,N/A
Islam,Pakistan,People,Yes,N/A,Experienced,N/A
Islam,Pakistan,"Mental health conditions are such as anxiety , depression",Yes,"Go to phycologists and to change environment, also relax mental health",Experienced,my aunts have a issue about mental health
Islam,Pakistan,Family problems,Yes,Through therapy,Experienced,It happens many times
Islam,Pakistan,Causes are different social economical personal,Yes,By getting professional help,Experienced,I'm a psychology student I have witnessed and experienced many incidents
Islam,Pakistan,My family issues,Yes,Mental illness is not a thing that can’t be cured in today there are therapists that can make you feel better,Experienced,I was in examination hall everyone is calmly doing their paper and suddenly I got panic attack and started crying that was embarrassing even teachers told me you should be strong others saying she’s faking it for attention it was a disgrace
Islam,Pakistan,Unsupported environment at home,Yes,By talking and letting others know what you are going through (therapy),Experienced,"I have struggled a lot with existential anxiety and depression, I was constantly told that this is nothing and that I am just letting shaitan win if I carry out like this. A few of my friends were and my mosque teacher were super kind and supporting . They  help me to  see a clearer view of what's happening and they  listened to me without invalidating my feelings. It was horrible having to deal with it alone. It would have been way better if I could reach out to a professional the process of recovery would have been much faster and efficient. Nevertheless I am happy now and that anxiety has not comes back yet."
Islam,Pakistan,Mostly the stress from the family problems. About the father's lack of love. Your mother not being as affectionate as they need to be. Financial instability. Etc,Yes,Through talking to a professional and taking medication if needed.,Experienced,Every one calling me oversensitive and laughing at me while I was screaming my lungs out and crying.
Islam,Pakistan,"Mental health conditions can stem from a complex interplay of genetic, biological, environmental and psychological factors.",Yes,"through a combination of therapy, medication, and support systems tailored to individual needs.",Experienced,"being unfairly judged, avoided, or marginalized, perpetuating misconceptions about their capabilities or character."
Islam,Pakistan,Societal insecurities,Yes,By communicating issues with professionals and letting the thing out and seeking treatment regarding the issue,Experienced,A person who hated himself thinking that he should end his life because he just isn't good enough because of his past experiences and excessive use of drugs
Islam,Pakistan,Some kind of traumatic events,Yes,"Mental health conditions can be treated by family support, psychotherapies and with counselling as well.",Experienced,A person lived in our town head OCD but people of my town said that he is crazy man. His family members also consider him crazy and this word  is the stigma of for him
None,Nepal,Stress,Yes,With proper communication,Experienced,People try to maintain distance from those known to have undergone mental health disorder.
Hindhu,Nepal,Multi- factor can cause mental health conditions simply from childhood rearing experiences to daily life shortcomings. Most of them arise out of inability to adjust to living condition's and accept as oneself..,Yes,"with therapies, medication, healthy life practices",Experienced,most people believe it occur due to sin
Islam,Bangladesh,Environmental factors/surroundings and triggers as well as biological,Yes,Through therapy and medication.,Experienced,"Yes, telling a family member how I feel and them not taking it seriously."
Hindhu,Bangladesh,multifactorial,Yes,drug and psycotheraphy,Experienced,negative attitude
Hindhu,Bangladesh,"Stress, Depression, economic pressure",Yes,N/A,Experienced,N/A
Islam,Bangladesh,Childhood trauma,Yes,N/A,Experienced,N/A
Islam,Bangladesh,Don't know,Yes,Counselling and medication,Experienced,N/A
Islam,Bangladesh,Environmental,Yes,Proper support from the environment and will power,Experienced,I was called weak singled out from classes for having a panic attack after being scolded Infront of everyone around me me for 2 hrs strainf after 1 month of torture
None,Bangladesh,"Environment, toxic social environment, lack of awareness/openness about psychological issues",Yes,N/A,Experienced,"Hush, hush; we don’t talk about that."
Islam,Maldives,"Childhood trauma, family society. Overall what a person goes through in life",No,At the end of the day no matter what you still want to jump off that cliff and die,Witnessed,My friend got diagnosed with ADHD and depressed. Her family started to discriminate her and call her mentally ill and unstable.
Islam,Maldives,"Genetics, environment",No,Never seen it work,Witnessed,Gossiping about the person
None,India,combination of environmental and genetic factors,No,"not treated, as there is a biological component to them that is described as being deterministic. on the other hand, i believe the disorder and it’s symptoms can be controlled",Witnessed,"yes, those on the ASD getting marginalized at school"
Agnostic,India,I believe in the biopsychosocial model of health for the most part,No,Some can but most are not treated as much as they are managed,Witnessed,People unable to understand the different brain functioning of neurodivergent people
Hindhu,India,Not enough money,No,Because the problems that causes the mental health conditions,Witnessed,Boys can’t crying
Islam,Maldives,People,Yes,"Therapy, medication, being supportive and kind",Witnessed,When the person socially withdraws oneself  from a social gathering  he or she was labeled and someone who  is rude. When shared about depression  and anxiety issues people judge. People say that he /she is seeking attention or needs to man up
Islam,Maldives,Ignorance towards the existence of mental health issues and the stigma surrounding it.,Yes,With the right therapy and treatments the effects can be minimised but the people might not be healed fully,Witnessed,"When a person is seen to be showing signs of mental illness or are facing mental health issues, people tend to say that they are insane or it's all an act to gain attention uon"
Islam,Maldives,Genetic and lifestyle related causes,Yes,N/A,Witnessed,Unfair treatment within the job sector
Islam,Maldives,"Childhood trauma, unable to talk about feelings",Yes,With therapy and proper care,Witnessed,They just straight up dismiss saying its not real. Just praying and having faith will make it better
Islam,Maldives,"Traumatic experiences, financial instability, stressful situations, genetic predisposition, any physical injury especially to the brain",Yes,By educating the public and making them aware,Witnessed,The person was labeled as stubborn and someone who brings creates chaos within the family for how she acts since she went through a traumatic injury while giving birth
Islam,Maldives,Not accepting that its a mental health issue,Yes,N/A,Witnessed,That she is being dramatic to avoid responsibilities
Islam,Maldives,"It is a disease condition same as any other medical condition.can cause due to many reasons such as stress full life, trauma, family history etc",Yes,Many therapies and medications are available to treat ment health conditions. Ofcourse relegious practices will definitely help to go through it.,Witnessed,Still there are people who believe that mental heath problems are faced by those people who are less faithful
Islam,Maldives,Lifestyle and upbringing,Yes,With proper Diet and exercise and self-awareness,Witnessed,Some people do not believe anxiety as a reality
Islam,Maldives,Genetics. Childhood. Tough external circumstances,Yes,Self Awareness. Therapy.,Witnessed,Some parents not believing in mental health and mentioning that prayers and religious activities is all it takes to cure mental conditions.
Islam,Maldives,"Lot of causes. Family history, environmental factors, social factors etc",Yes,"Lots of ways. Therapy, support groups, more education on self help, medications, other treatments, therapies..etc",Witnessed,"Several times where people with mental health issues are mocked and laughed at, not supported."
Islam,Maldives,"Lack of emotional support, care from friends, spouse and family",Yes,Understanding yourself better and exploring new things. Happy time spent with loved ones.,Witnessed,Self doubting and lack of confidence
Islam,Maldives,N/A,Yes,With the access to resources the conditions can be treated. Not gaining access due to expenses and lack of experts of the field is seen to be the biggest issue.,Witnessed,Seeing people mental health conditions invalidated and told that “people have it worse in their life”. Seeing people with diagnosed mental health conditions given unsolicited advice such as to “get over it” or “stop thinking too much”
Islam,Maldives,"Various causes. Genetics, Nurture, etc",Yes,"Counselling, Psychotherapy, Love and support, medication",Witnessed,People verbally and emotionally abusing them. Calling students who misbehave bad.
Islam,Maldives,"Genes, inherited generational trauma?, stigma surrounding therapy and getting help",Yes,"Therapy, medication",Witnessed,People don’t understand exactly how debilitating depression can be and often just regard it as laziness. Have witnessed situations where they dismiss a person with depression as a lazy person and refrain from inviting them to places/ giving responsibilities etc
Islam,Maldives,Demonic,Yes,N/A,Witnessed,N/A
Islam,Maldives,Hormonal imbalance in the brain,Yes,N/A,Witnessed,N/A
Islam,Maldives,N/A,Yes,Medication and counseling,Witnessed,N/A
Islam,Maldives,N/A,Yes,N/A,Witnessed,N/A
Islam,Maldives,Societal issues,Yes,N/A,Witnessed,N/A
Islam,Maldives,Socioeconomic conditions,Yes,Proper access to psychologists and psychiatrists,Witnessed,N/A
Islam,Maldives,Trauma,Yes,N/A,Witnessed,N/A
Islam,Maldives,"Multifactorial. Environmental issues, family issues, social issues",Yes,People with me talk health conditions can seek for professional health rather than being silent and thinking that you are just different and there's nothing you can do about it,Witnessed,N/A
Islam,Maldives,The experiences they have gone through,Yes,With the right help it can be treated,Witnessed,N/A
Islam,Maldives,nature & nurture,Yes,"by therapy, medications etc",Witnessed,N/A
Islam,Maldives,"Stress, poverty, trauma, abuse",Yes,By seeking help,Witnessed,Many incident within the family of the person
Islam,Maldives,Biological and social causes,Yes,N/A,Witnessed,"Lot of situations where people relating mental health issues to not being religious enough, or people seeking attention, a lot other reasons"
Islam,Maldives,Less socialising,Yes,Sharing your difficulties to another person,Witnessed,"Loss of appetite, less talking"
Islam,Maldives,"Financial, Environmental, Social",Yes,"Depending on severity, counsel and/or medication.",Witnessed,"It's always a one-shoe-fits-all situation where if you think you need a psychologist or psychiatrist you're already in need of a mental asylum. This thought process prevented my mom from getting help for post partem for over 10 years and by the time she actually did, she already developed several other mental illnesses due to it and required heavy medication to function"
Islam,Maldives,"Childhood trauma, bullying, intense pressure from family, social media",Yes,"Therapy, medications, self care like exercising, journaling etc",Witnessed,"Intense anxiety and depression due to pressures of med school and when my friend went to her parents to talk about it, they said it’s because she is not religious"
Islam,Maldives,Genetics along with environmental factors,Yes,By seeking professional help and taking medications,Witnessed,"I once saw man with some mental health condition being very aggressive and difficult to handle on the road, where his family was trying to calm him down but the bystanders were laughing and they even took pictures and videos of that man."
Islam,Maldives,Traumatic Past or Born with it,Yes,Therapy,Witnessed,I have a Bi-Polar friend who would flip out on little things sometimes and cut connections for a week or so.
Islam,Maldives,Genetic + psychological + social factors,Yes,Therapies and medications,Witnessed,Have seen relatives with mental health condition (paranoid personality disorder) called crazy
Islam,Maldives,"Genetics, environment, trauma etc",Yes,With the right help and support,Witnessed,Harassing someone for their mental health issues
Islam,Maldives,Trauma,Yes,Therapy,Witnessed,Friends. Still going through mental health problems. One of them is a psychologists
Islam,Maldives,Genetics and environmental factors such as upbringing,Yes,Therapy and medicine,Witnessed,Described them as being weak or faking it
Islam,Maldives,N/A,Yes,"Throught counselling, therapy, medication and life style changes",Witnessed,Denied access
Islam,Maldives,Various factors within your environment and so on,Yes,The world of modern medicine is quite advance. Some conditions might not have a cure. But there are treatments for majority of conditions as far as I know.,Witnessed,"Certain groups of people, mostly the older generations don't take it seriously. People get made fun of or are called crazy."
Islam,Maldives,"Injuries, trauma, pressure",Yes,By getting the desired medical health and support from family members,Witnessed,Bullying most of the time.
Islam,Maldives,"Stress and anxiety, rigid family problems",Yes,"Social Harmony, psychological consultancy",Witnessed,Bullying
Islam,Maldives,"Lack of validation from teachers in school, family pressure and low self esteem",Yes,"It’s like any other disease, if not cured completely, symptomatic treatment can be given to alleviate symptoms.",Witnessed,"At work, a coworker was singled out as incompetent at the job because they were on medications."
Islam,Maldives,Trauma that one faced at some point of their life,Yes,They need professional care and care and live from the people around them,Witnessed,Anyone that is professionally diagnosed with a mental health condition is labeled as crazy and people tend to stay as far away as possible from them
Islam,Maldives,"Environment, life events.",Yes,With medication and therapy and willingness to get better,Witnessed,A person with social anxiety was ridiculed for needing assistance to pay the bill.
Islam,Maldives,"Stressful life situations,  traumatic experience",Yes,"With proper therapy, medications and support from family and community",Witnessed,"A person who is not very out going is labelled as lazy, arrogant and not caring for"
Islam,Maldives,Due to an unpredictable bad situation,Yes,N/A,Witnessed,A mother's child dies during the birth and she got divorced during the day's of death of the baby
Islam,Maldives,Anyone can have mental health condition. There's no specific cause. Could be genetic even.,Yes,With therapy and medication i believe some condition can be treated or controlled,Witnessed,A lot of people have said people with mental illnesses are crazy or weak. The way they see a person changes.
Islam,Maldives,The amount of people living in denial and people who don’t acknowledge people with mental illnesses,Yes,If given the needed consideration and the treatment (therapy. Etc) being available and affordable,Witnessed,A friend of mine. People bully her when she tells them that crowds overwhelm her
Islam,Maldives,"Many things but usually pain, trauma, genetics, toxic upbringings,",Yes,"It can but first we need to understand what it is. A lot of mental health is deemed as irrelevant and it is not translated into languages such as Bengali/Maldivian. So for those that do not speak English, mental health is nothing",Witnessed,A family member was beaten as a child and as they grew older they rebelled. It eventually led to them committing suicide as their mother tongue was not strong so they couldn’t effectively communicate with their parents as mental health was not widely known about like other illnesses such as diabetes etc
None,India,"Strict culture, parents, and religion",Yes,Medication,Witnessed,Yes. People with depression are dismissed as being valid
Islam,India,"Family,Social and financial crisis",Yes,"Yes, a psychiatrist can cure one's mental conditions as well as a doctor cures the physical illnesses",Witnessed,Yes my granny was patient of Alzheimer and she even had been forgotten her name and identity
Hindhu,India,"lack of sleep, mutations, situations",Yes,with proper awareness and facilities yes mental health conditions can be treated,Witnessed,"when someone was crying, their mom said stop crying you're an adult"
Hindhu,India,"Depends on case to case, it can be environment, genetics and even personal beliefs to some extent.",Yes,by therapy and medications (if needed),Witnessed,they don't believe that mental health problems is even actual problem.
Hindhu,India,Lots of factors,Yes,N/A,Witnessed,They are looked upon differently
Hindhu,India,Psychosocial and biological [my idea is inclined towards bio-psychosocial explanations],Yes,N/A,Witnessed,"The stigma of mental illness is deep rooted. 1. when I was interning for my Masters degree at a hospital, my family used to taunt me by saying 'you will also become one as you are mixing with them'. 2. when I conducting field work for my PHD at an OPD of a clinic (the details are published in a paper [Banerjee, B., & Dixit, S. (2021). Perceived Stigma among family members of persons suffering from mental illness: A narrative exploration from West Bengal, India. The qualitative report, 26(4), 1309-1330.]. There I depicted some of my experiences. 3. I have observed that there is some level of hesitation in people talking about mental illness. Even in academic community scholars from other discipline avoid discussion related to mental illness. However, these are my perception only."
Other,India,Changing lifestyle which getting more and more tough and increase in the competition in the market,Yes,By seeking therapy,Witnessed,Someone ik was diagnosed with depression and was kinda outcasted by her relatives
Hindhu,India,Disturbance of day to day activities,Yes,"To help of counseling, psychotherapy and medications, yoga, meditation",Witnessed,"Some people are believe that, the society is not accepted abnormal behavior, also it's not deases it's punishment for bad karmas"
Hindhu,India,Overthinking and stress,Yes,By therapy and listening.,Witnessed,Seen a person facing trauma
Hindhu,India,Feeling of dissatisfaction with all aspects of one’s life,Yes,They can be treated and a person can achieve normal and healthy lifestyle,Witnessed,"People with mental health conditions often try hard to keep, they seeking help a secret and continue to be in a state of denial about it. Usually due to the fear that they will be outcasted from the community"
Hindhu,India,"The reasons for mental health conditions is spread over a wide spectrum, the reason could be genetic, social life, parenting, etc.",Yes,"The treatment for various mental health conditions needs to be tailored accordingly, but i think meditation/workout, and optimistic attitude work best.",Witnessed,"People with mental health conditions are treated and seen differently, it was during my summer vacation when I joined a dance class. One of the kids was autistic, the other kids ignored him or made fun of him."
Hindhu,India,Breaking trust or betraying,Yes,"With some professional help, and some therapy",Witnessed,"People who have depressed and anxiety, people just think they can't be happy or anything"
Hindhu,India,Multiple reasons can be there like daily life stress etc,Yes,By consulting to a psychologist or therapist or psychatrist,Witnessed,People usually treat them harshly as if they are insane and not a part of our society
Hindhu,India,"It could be partly genetic or biological, but I think it majorly stems from environmental reasons, and depends a lot on the support system around, and how nurturing it is, in general",Yes,"By taking professional help, like going to a therapist, or by taking meds, if it is severe, and learning coping mechanisms",Witnessed,People have judged at parties or other events when one of my friends said that they are planning to take therapy
Islam,India,"Various - early childhood experiences, social/environmental factors, trauma, finance, genetics, health/medical conditions",Yes,"Various ways: exercise, sleeping well, wellness apps, gratitude journals, having a support social network, eating well, counselling or medication,minimising time spent on social media, mindfulness, meditation/praying",Witnessed,"People gossip, due to stigma people are not willing to talk about their experiences, people have lost out on job opportunities. Colleagues are not willing to spend time with a person with mental health condition or are extra cautious in what they say. Being called derogatory names or mocked at usually by older family members"
Christian,India,Sometimes it maybe due to the genetics or/and environmental factors (eg: past trauma),Yes,"If detected early and with right kind of treatment, mental health conditions can be improved, if not completely treated",Witnessed,"Often times I've noticed that depressed people, especially teens and children are thought to be acting up or being difficult or that help for mental health is only for the 'mentally derranged'. One such incident being a friend mine wanted to seek professional help as she was feeling a lot of academic and personal life pressures, but her parents were appalled and refused as they vehemently retorted that no daughter of theirs is 'mad' and needs to go to a doctor."
Hindhu,India,"Biological, social or psychological causes",Yes,Through therapy,Witnessed,"Normal discussion in the family about people suffering from mental illness and words like mad, crazy, idiots and nothing serious for conditions like depression were used. A person is considered weak If they ask for help was common opinion."
Atheist,India,Lack of communication,Yes,By visiting a good specialist,Witnessed,N/A
Hindhu,India,Poor awareness and relations with people,Yes,N/A,Witnessed,N/A
Hindhu,India,stress,Yes,if given proper care it can be treated,Witnessed,N/A
Hindhu,India,stress,Yes,if given proper care it can be treated,Witnessed,N/A
Islam,India,"Cultural pressures, finances",Yes,N/A,Witnessed,N/A
Sikhism,India,Stress,Yes,"Family support, emotional support, more awareness among people, proper medical treatment",Witnessed,N/A
Hindhu,India,Emotional supression,Yes,It is must because crime and mental health are increasing day by day,Witnessed,N/A
None,India,Stressful life situations,Yes,N/A,Witnessed,N/A
Hindhu,India,"It is a combination of biological, physiological, psychological and social factors",Yes,"Yes, but not completely. Various treatment options can be applied including counselling, psychotherapy, pharmacotherapy",Witnessed,My younger sister was bullied in school for being dyslexic.
Hindhu,India,"several factors, considering genetics and the environmental conditions and situations.",Yes,it is treatable with appropriate professional help,Witnessed,my sister's friend is going through a difficult phase and is diagnosed with depression because of which she is unable to attend her classes. her friends who know about it make fun of it in class and believe that she is doing it for attention.
Hindhu,India,"Several factors, genetic or environmental factors",Yes,With professional help from trained specialists,Witnessed,My sister's friend has been diagnosed with depression but her friends feel that she just wants attention
Hindhu,India,Mainly environmental factors.,Yes,By getting professional help from licensed and skilled psychologist/psychiatrists.,Witnessed,"My sister was recently diagnosed with Major Depressive disorder, general anxiety and shows features of BPD. My family does not understand the full premises of it and thus often invalidate my sister's experience or opinions. In the past there has also been talks of if the therapy is really necessary. Apart from this, when my mum was suggested to seek counseling for her stress, she has reacted defensively and aggressively towards it. Saying she doesn't need external help as she is not a mad person."
Hindhu,India,Acceptance and way of life thinking,Yes,By therapies and meditation and counseling,Witnessed,My neighbour is in depression and still he is not going for his treatment
Christian,India,Family circumstances,Yes,Mental illnesses can be treated upto some extent but only with the families full support. It can be treated and can be maintained but not cured.,Witnessed,"My mother is diagnosed with a mental health issue and my family when in one of a heavy argument said that ""you are mad. It's already certified by professional so shut up and ________"".:)"
Hindhu,India,Social factors,Yes,By seeking help,Witnessed,My friend suffered with psychosis
Islam,India,"Biological, psychological, social and environmental factors",Yes,Medication and therapy,Witnessed,"My dad had schizophrenia. People used to call him ""pagal"" And us as ""pagal ki aulad"""
Hindhu,India,Environment and Genetics,Yes,"With the help of therapy, medicines if required",Witnessed,My cousin who has Autism was asked to leave his school as they thought he would be disruptive
Hindhu,India,Environment and Genetics,Yes,"With the help of therapy, medicines if required",Witnessed,My cousin who has Autism was asked to leave his school as they thought he would be disruptive
Sikhism,India,"Past trauma, way of upbringing etc",Yes,"Counseling, therapy",Witnessed,"My brother believed that something was not right with him at one stage of his life and he asked our parents to take him to a psychologist. Our parents said there's no problem with you, you just need to work harder"
Hindhu,India,"Then cause for mental health problem is insufficieny to meet the demands , which in turn lead the stress into distress causing the strain on person mental health .",Yes,"By counseling , guidance , therapy",Witnessed,My aunt niece is currently going through rough patch but instead of thanking her to therapy they are taking her to temple to get rid of the evil spirit
Hindhu,India,GENETICAL AND ENVIRONMENTAL FACTORS.,Yes,WITH TIMELY MEDICATION AND PSYCHOTHERAPY,Witnessed,MANY PEOPLE IRRESPECTIVE OF CLASS AND CREED HESITATE TO ADDRESS MENTAL HEALTH CHALLENGES ASSUMING THAT THEY WILL AUTOSUBSIDE
Sikhism,India,Situational factors,Yes,N/A,Witnessed,"Just because my mum looked fine and did her work, nobody belived that she had depression"
Hindhu,India,"A lot of factors may be involved including environmental, biological, hereditary and social",Yes,"Yes it can be treated through various interventions, medications or therapy",Witnessed,"I have witnessed, while one of my cousin was suffering from depression and went to a psychiatrist and people would ask her why she used to go to a ""paaglo ka doctor"" which almost made her quit her treatment but we encouraged her to not to."
Hindhu,India,Genetics as well as environmental factors,Yes,By consulting mental health professionals,Witnessed,"I have very closely witnessed a well educated family, thair daughter had the symptoms of schizophrenia but she was first taken to preach  then to a mental health professional which is actually very dissapointing"
Islam,India,"A number of things, cant just be pointed to obe thing",Yes,Therapy/prayer,Witnessed,"Family member didn't sttend a meal at mums, when relatives asked about said person, the mother said the person was on holiday instead of saying this person wasn't well"
Hindhu,India,Multiple factors,Yes,With a comprehensive psychosocial and biomedical responses,Witnessed,A Girl with mental illness was convinced for wedding with my cousin and the wedding was stopped right before they got married.
Islam,Pakistan,No any specific cause but mostly it occurs due to any traumatic experience,Yes,I believe mental health condition can be treated through medication and therapy,Witnessed,"Yes, I witnessed stigma against person who is already suffer mental health condition her family stigmatize her through some offensive words"
Islam,Pakistan,Genetics or maybe distress.,Yes,"It can be treated just like other diseases are treated by consulting with a doctor or psychiatrist. Parents should not avoid it by thinking of it as a disgrace,it should be and it can be treated by understanding and sympathising the patient",Witnessed,"Yes, I have seen it as my cousin faced such issues in her past and people around her thought that she's doing it just for 'attention' and they didn't try to understand her instead scolded her."
Other,Pakistan,Environment,Yes,Healthy environment,Witnessed,Yes i witnessed that someone had a bipolar disorder
Islam,Pakistan,Plethora of reasons. Environment dominantly,Yes,N/A,Witnessed,They are made fun of and at work places it is believed that someone with a mental health condition is a wasted resource
Islam,Pakistan,Depression,Yes,N/A,Witnessed,People say them crazy
Islam,Pakistan,Family crises and stress,Yes,Through catharsis and therapies,Witnessed,People make fun of them and not consider mental health condition serious
Islam,Pakistan,"Biological, psychological and social issues",Yes,"It depends on the mental health conditions, but if we diagnose and treat mental health issues like we do with physical ailments, it can be treated. If a mental health condition like Schizophrenia cannot be fully treated, we can atleast manage it",Witnessed,"People labelize and stigmatize mental health issues on such a normal and daily basis that it is so strange. If someone has a slight issue with Organizing things, they have OCD. If someone isn't simply interested in talking to strangers like others, they might be labeled as Autistic or Antisocial. And if somebody has been dealing with a mental health condition for some months or a few years, then they have to listen that it's already been so much time. You don't have that problem anymore"
Islam,Pakistan,"It could be the genetics, upbringing, domestic environment or behavior of people living with you.",Yes,With a supportive environment such as having people around who understand and care for you. Another great way is therapy.,Witnessed,One of my sisters has severe depression and it affects her physical health and her daily life. She is mocked by people around her for this.
Islam,Pakistan,Depression,Yes,concerned with psychiatrist,Witnessed,"Once i was in punjab clg and in our chemistry lecture, a girl came in our class and asked that anyone please help me to understand chemistry lecture and she went every class and asked everyone and later we knew that she had depression and ran away from college"
Islam,Pakistan,Nothing cause I don't have one,Yes,Yes it can be treated through Therapies and proper clinical treatment,Witnessed,Not witnessed any severe cases except mild anxiety or depression
Islam,Pakistan,Depression,Yes,"I believe, mediciation",Witnessed,N/A
Islam,Pakistan,Genetic factors and neural network disturbance,Yes,N/A,Witnessed,N/A
Islam,Pakistan,N/A,Yes,N/A,Witnessed,N/A
Islam,Pakistan,N/A,Yes,Treated by psychologist,Witnessed,N/A
Islam,Pakistan,Stress and finencial issues and relationship issue,Yes,N/A,Witnessed,N/A
Islam,Pakistan,Stress and hypertension,Yes,N/A,Witnessed,N/A
Islam,Pakistan,Stress deoression anxiety,Yes,By trying to find and solve the condition which let the person in that mental health condition,Witnessed,N/A
Islam,Pakistan,trauma,Yes,N/A,Witnessed,N/A
Islam,Pakistan,Trauma,Yes,N/A,Witnessed,N/A
Islam,Pakistan,"Genetic, Environmental, Biological and Social Factors",Yes,N/A,Witnessed,N/A
Islam,Pakistan,Society,Yes,With the help of a counsellor who may guide us how to accept and solve our problems,Witnessed,My cousin experienced depression and nobody took her serious to the point that she got ill and it took her several years to recover mentally and physically
Islam,Pakistan,An individual's environment,Yes,"Through Psychotherapy, Family support, lifestyle changes",Witnessed,I've seen that mental health issues are kept secret within families due to fear of judgement.
Islam,Pakistan,Unconditioned environment mostly,Yes,By using Psychological methods and techniques,Witnessed,I saw a person with mental health condition and mostly their reasons are family issues and they fight against it and end up by staying quite and Acceptance.
Islam,Pakistan,"The main cause is family issues , separated parents, orphans,poverty and of course genetics.",Yes,"Depending on the mental health condition, mostly they can be treated with a happy healthy home environment, cooperation of parents and family , love , care and affection.",Witnessed,I have witnessed people being uncomfortable being friends or even talking to people with mental health issues.
Islam,Pakistan,"Mental health conditions can have various causes, often involving a combination of genetic, biological, environmental, and psychological factors. Factors such as genetics, brain chemistry, trauma, and life experiences can contribute to the development of mental health conditions. It's important to approach mental health holistically, considering the interplay of these elements.",Yes,"Yes, many mental health conditions can be treated, often through a combination of therapies, medications, and lifestyle changes. Treatment approaches vary based on the specific condition and individual needs. It's important to seek professional help for an accurate diagnosis and tailored treatment plan.",Witnessed,"I don't have personal experiences, but I can share that stigma against people with mental health conditions is unfortunately common. It can manifest in various ways, such as misconceptions, discrimination, or insensitive remarks."
Islam,Pakistan,"Stress, past trauma, and pressure",Yes,"With proper care, treatment, and mediation",Witnessed,Every one in my family doesn't take my sister's mental health condition seriously and always named it as one of her dramatic episodes.
Hindhu,Nepal,Neurohormonal disbalances,Yes,N/A,Witnessed,"People teasing Schizophrenics, not considering depression, anxiety as illness"
Hindhu,Nepal,Biopsychosocial,Yes,N/A,Witnessed,N/A
Hindhu,Nepal,unknown,Yes,N/A,Witnessed,N/A
Islam,Bangladesh,"Genetics, environment",Yes,Though medicine and counseling,Witnessed,Not supportive to take counseling
Islam,Bangladesh,no,Yes,consultation,Witnessed,negligence
Hindhu,Bangladesh,"Genetic, Trauma,",Yes,Proper medication and councelling.,Witnessed,N/A
Other,Bangladesh,"Poverty, family relation",Yes,N/A,Witnessed,N/A
Islam,Bangladesh,Mostly genetics that cause chemical imbalances in the brain's signalling system,Yes,Proper medication and therapy. Medication must not significantly alter quality of life through it's side effects.,Witnessed,My sister got rejected from a university because of bipolar disorder.
Islam,Bangladesh,Depression,Yes,First we have to share our mental condition with our closest one.At the same time patients surroundings also should be sensible regarding this issue.psychiatry consultation is must.And most importantly we must have to rise awareness and pay attention to the mental health issue.,Witnessed,As a doctor I met a patient in psychiatric ward .She was 33 years old new mom.The patient party complained that she is possessed by some evil spirit because she wanted to kill his newborn with a pillow.She is a crazy insane woman and her husband totally agreed for a divorce.but this is a case of postpartum psychosis and she needed treatment immediately that time.But her family refused to go for any kind of therapy for that poor soul.
Islam,Afghanistan,"Life experience, conflict, cultural taboo, Domestic violence, forced marriage, poverty, drug",Yes,Social engagement and counselling,Witnessed,loss of spouse and poverty
Islam,Maldives,Trauma from childhood,No,Cannot be completely cured,No,N/A
Islam,Maldives,Treat well,No,Give full support from family and society,No,N/A
Hindhu,India,"Causes can be genetic, environmental or triggered by incidents.",No,"Not always completely. I believe humans always take steps backwards sometimes. One cannot be treated completely, episodes can occur again and again. What matters is how you handle/ deal with them.",No,N/A
Hindhu,India,"Daily life stress, Family issues, growing up with violence",No,It couldn't be transferred,No,N/A
Hindhu,India,N/A,No,N/A,No,N/A
Islam,Pakistan,Anxiety,No,N/A,No,N/A
Islam,Pakistan,Depression,No,No because every person has different mind set so it's difficult to understand every person,No,N/A
Islam,Pakistan,Family issues,No,N/A,No,N/A
Islam,Pakistan,N/A,No,N/A,No,N/A
Islam,Pakistan,Stress,No,Because I think some symptoms appear again  after some interval of time,No,N/A
Islam,Pakistan,I don't know,No,N/A,No,N/A
Islam,Pakistan,Money problems,No,I don't know,No,N/A
Islam,Pakistan,Overthinking,No,"By morning walk,by attach our self with nature,do duaa and zikr if allah almighty",No,N/A
Hindhu,Nepal,Excellent,No,N/A,No,N/A
Islam,Bangladesh,Economical,No,N/A,No,N/A
Islam,Maldives,Bad experiences and trauma,Yes,Therapists,No,N/A
Islam,Maldives,Bullying,Yes,N/A,No,N/A
Islam,Maldives,Decrease in level of satisfaction,Yes,Counseling,No,N/A
Islam,Maldives,Depends on the situation and the individual. From genetics to poor standard of life to trauma,Yes,N/A,No,N/A
Islam,Maldives,Difficult living situations and trauma,Yes,Availability of therapists at a cheaper level than now.,No,N/A
Islam,Maldives,Dipression,Yes,Now there r psycologists here so any one that has mental illness can be treated,No,N/A
Islam,Maldives,Don't now anything,Yes,N/A,No,N/A
Islam,Maldives,don’t know,Yes,N/A,No,N/A
Islam,Maldives,Drainage of mental health,Yes,Professional help along with support from friends and family,No,N/A
Islam,Maldives,Due to family issues,Yes,By getting support from everyone,No,N/A
Islam,Maldives,"family and friends, living conditions",Yes,Therapy,No,N/A
Islam,Maldives,Genetics and environment,Yes,Through intensive care. I believe it could be treated but rarely,No,N/A
Islam,Maldives,Genetics and Environment,Yes,Through medicine and therapy,No,N/A
Islam,Maldives,"Genetics, Environment that you grew up in",Yes,"Therapy, Medication",No,N/A
Islam,Maldives,Genetics. Circumstances in life.,Yes,Proper guidance from people around you. Affordable counselling. More mental health awareness programs.,No,N/A
Islam,Maldives,"Hereditary, psychological trauma, environmental stress",Yes,"With change in environment, therapy, medicine",No,N/A
Islam,Maldives,I think an individual’s experience’s to different situations,Yes,With proper help from professionals,No,N/A
Islam,Maldives,"lack of empathy, understanding",Yes,proper treatments and mentally strengthening your thinkinh,No,N/A
Islam,Maldives,Lifestyle,Yes,By receiving psychotherapy,No,N/A
Islam,Maldives,Living environment,Yes,By talking to someone who’s professional,No,N/A
Islam,Maldives,"Mainly, stress.",Yes,By giving the proper care and counseling,No,N/A
Islam,Maldives,Over thinking,Yes,N/A,No,N/A
Islam,Maldives,Pregnancy and Child birth,Yes,Therapy and medication,No,N/A
Islam,Maldives,Stress,Yes,By medication,No,N/A
Islam,Maldives,Stress,Yes,Guided therapy,No,N/A
Islam,Maldives,Stress,Yes,Proper diagnosis,No,N/A
Islam,Maldives,Stress,Yes,"Therapy session, with good company, taking time out",No,N/A
Islam,Maldives,Stress level at work,Yes,Consuting a couselor,No,N/A
Islam,Maldives,"Stress, trauma",Yes,Therapy,No,N/A
Islam,Maldives,Stress/ pressure,Yes, By a good conversation or from a therapist,No,N/A
Islam,Maldives,Surrounding factors,Yes,With the right kind of help and research,No,N/A
Islam,Maldives,"There are a number of reasons. Child Abuse, Trauma, Social Isolation or loneliness, Bereavement, Domestic Violence, Misuse of drugs and the list goes on.",Yes,With proper medication and seeking therapy help for some but maybe it doesn’t work for everyone.,No,N/A
Islam,Maldives,Trauma,Yes,By taking adequate therapy and following a well guided treatment plan,No,N/A
Islam,Maldives,"Trauma, abuse, stress",Yes,"Love, Medicine and psychotherapy",No,N/A
Islam,Maldives,"Trauma, physiology",Yes,"Yes, medical treatment, therapy",No,N/A
Islam,Maldives,"Trauma, self neglect, being around negative poeple",Yes,Getting therapy and starting to take care of own self better,No,N/A
Islam,Maldives,Trauma/ abuse and biological factors,Yes,Reducing stigma and With proper interventions,No,N/A
Islam,Maldives,Communication barriers,Yes,By sharing the concern and having better means of communication,No,N/A
Islam,Maldives,Childhood,Yes,Time,No,N/A
Islam,Maldives,"family problems, ignorance",Yes,with the necessary support from family and friends,No,N/A
Islam,Maldives,Genetics and environmental factors,Yes,"Psychological therapy, and medication",No,N/A
Islam,Maldives,good,Yes,N/A,No,N/A
Islam,Maldives,Instability in life which leads to all sorts of problems and unhappiness,Yes,N/A,No,N/A
Islam,Maldives,Loose in selfconfidence,Yes,By giving them more time,No,N/A
Islam,Maldives,Stress/ abusive environment,Yes,N/A,No,N/A
Islam,Maldives,Surrounding environment,Yes,"Medicines, taking therapy",No,N/A
Islam,Maldives,Trauma,Yes,Making them think positively,No,N/A
Islam,Maldives,Trauma,Yes,Praying,No,N/A
Islam,Maldives,trauma and stress,Yes,by theraphy,No,N/A
Other,India,Adjustment problem,Yes,Better choice opinion,No,N/A
Other,India,"Environmental, social, and genetic factors.",Yes,Therapy and medication,No,N/A
None,India,circumstances if not by birth,Yes,"I feel through doctors, counsellors psychiatrist all the more through ones patience",No,N/A
None,India,Ignorance,Yes,Timely intervention,No,N/A
None,India,Stress and modern life style,Yes,Facilitate the individual to realise his self,No,N/A
None,India,"The exact cause is unknown, but researches suggest that a combination of factors including heredity, psychological trauma etc",Yes,N/A,No,N/A
Jain,India,Mental abuse,Yes,N/A,No,N/A
Jain,India,Stress,Yes,Therapy,No,N/A
Roman Catholic,India,"Bullying, Racism, Stress, Disease",Yes,"By being a better person to the patient, and teaching others the virtue of kindness and love.",No,N/A
Sikhism,India,"Genetics, Traumatic Events, Stressors, etc",Yes,Therapy and medications,No,N/A
Sikhism,India,Overthinking and Anxiety,Yes,Self Motivation and Professional Advice,No,N/A
Agnostic,India,Past experiences,Yes,Mental health experts,No,N/A
Atheist,India,"Trauma, chemicals in the brain etc.",Yes,proper guidance from a professional,No,N/A
Christian,India,"Different causes such as biological, environmental, etc.",Yes,If proper treatment administered early on then it is treatable.,No,N/A
Christian,India,Society fear and acceptance,Yes,N/A,No,N/A
Christian,India,Society pressure and acceptance,Yes,N/A,No,N/A
Christian,India,Stress,Yes,Therapy,No,N/A
Christian,India,Yourself,Yes,N/A,No,N/A
Budhist,India,Problems,Yes,By visiting a Pyschratrist,No,N/A
Hindhu,India,"A number of factors like genetics, family environment, personal resilience level",Yes,With proper interventions and therapy,No,N/A
Hindhu,India,"Carelessness towards Self, Not able to deal effectively with Potential Mental Health Concerns",Yes,Mental Health Conditions can be treated with various interventions and techniques alike normal consultation of physical health,No,N/A
Hindhu,India,Depression,Yes,To talk with someone who can guide them QA,No,N/A
Hindhu,India,"Depression, emotional problems, environmental problems",Yes,Talk therapy,No,N/A
Hindhu,India,"Discrimination, loneliness",Yes,N/A,No,N/A
Hindhu,India,Environmental causes,Yes,"Therapy, counselling and medications.",No,N/A
Hindhu,India,"Genes, environmental influences",Yes,"Through diagnosis and assessments, medications and strategized therapies",No,N/A
Hindhu,India,"Genetic, Environment, Chemical Imbalance",Yes,N/A,No,N/A
Hindhu,India,Genetics & environmental factors,Yes,By consulting mental health professionals,No,N/A
Hindhu,India,"Genetics, environmental factors, social factors",Yes,"With medications, psychotherapy and counselling",No,N/A
Hindhu,India,Hormonal as well as situations,Yes,Proper medication and consultation,No,N/A
Hindhu,India,Lack of Psycho-education,Yes,by professional care,No,N/A
Hindhu,India,Mental health,Yes,Mental problems solution,No,N/A
Hindhu,India,"Multi factorial - lifestyle changes, circumstances, hormonal changes, grief, genetics, etc.",Yes,"Therapy, Drugs, Support",No,N/A
Hindhu,India,"Multiple factors like genetics, environmental influences",Yes,Through accurate diagnosis and assessments through strategized therapies and medications,No,N/A
Hindhu,India,N/A,Yes,N/A,No,N/A
Hindhu,India,N/A,Yes,By getting professional help,No,N/A
Hindhu,India,N/A,Yes,With seeking professional help,No,N/A
Hindhu,India,Not applicable,Yes,N/A,No,N/A
Hindhu,India,Overthinking,Yes,N/A,No,N/A
Hindhu,India,"Overthinking , stress & anxiety",Yes,By helping the individual from the situation.,No,N/A
Hindhu,India,Past experiences/ History,Yes,Therapy and exercises,No,N/A
Hindhu,India,Past trauma,Yes,Therapy,No,N/A
Hindhu,India,Present lifestyle stress anxiety depression,Yes,It can be treat with therapy taken from a therapist,No,N/A
Hindhu,India,Pressure,Yes,Clinical,No,N/A
Hindhu,India,Prolly passing on trauma,Yes,N/A,No,N/A
Hindhu,India,Social pressure,Yes,By talking to a professional or a friend too,No,N/A
Hindhu,India,Society,Yes,By systematic counselling,No,N/A
Hindhu,India,Society,Yes,Having someone to talk with,No,N/A
Hindhu,India,stress,Yes,study the root cause and analyse.,No,N/A
Hindhu,India,Stress,Yes,N/A,No,N/A
Hindhu,India,Stress,Yes,Through careful evaluation and constant care,No,N/A
Hindhu,India,"Stress, any childhood or emotional trauma",Yes,"Therapy , interacting with your close people",No,N/A
Hindhu,India,"Stress, diseases",Yes,N/A,No,N/A
Hindhu,India,"Stress, Past Trauma",Yes,Therapy,No,N/A
Hindhu,India,"Stress, Triggers, trauma (childhood or adulthood)",Yes,"Medication, therapy",No,N/A
Hindhu,India,"Stress,genetics",Yes,"Counselling, medicines",No,N/A
Hindhu,India,"studies, work pressure",Yes,believe,No,N/A
Hindhu,India,Surroundings,Yes,With appropriate care mental health can be treated,No,N/A
Hindhu,India,"There are a lot of causes, physical, mental, social etc. Can not pin point one.",Yes,"They can be treated. Can not make promises about curing them, but treating and managing? yes.",No,N/A
Hindhu,India,"Trauma, abuse, stress.",Yes,Giving some time for the situation to pass and getting proper therapy can help.,No,N/A
Hindhu,India,"Trauma, childhood abuse or neglect and awful experiences in life.",Yes,Through therapy.,No,N/A
Hindhu,India,Unreal expectations,Yes,N/A,No,N/A
Hindhu,India,"Would say there are many, mainly your situation and your beliefs",Yes,"Talking to professionals(psychologist, psychiatrist)",No,N/A
Hindhu,India,Your surroundings and circumstances,Yes,Can be treated with proper medications,No,N/A
Islam,India,"Childhood traumas , social isolation and loneliness,bereavement",Yes,"I think they can be treated as there are many treatments you are able to do which overall in the end can work , some treatments work for others but some don’t do you have to see which one works best for you.",No,N/A
Islam,India,"Environment, genetics, life experiences, negative thinking patterns, unhealthy habits",Yes,By seeking mental health professionals,No,N/A
Islam,India,"Social and personal Environment, maladaptive coping strategies, stress, parenting techniques used on one as a child",Yes,Psychotherapy can help treat mental illnesses.,No,N/A
Islam,India,Stress,Yes,Through professional help,No,N/A
Islam,India,Stress,Yes,Through professional help,No,N/A
Islam,India,"Stress, Family issues",Yes,Having a discussion with close friend or family and meditation,No,N/A
Islam,India,"Stress, Genetics, Lifestyle, Lack of Support, etc",Yes,therapy,No,N/A
Islam,India,"Traumas, Depression, anxiety.",Yes,Therapy could be one of the way,No,N/A
Other,India,"Genetic, Stess, General",Yes,"Medication, Counselling, Therapy, Keeping Mind busy of the Patient by engaging in different activities",No,N/A
None,India,"Can be many things include environment, stress, physical health",Yes,Therapy and medication,No,N/A
Hindhu,India,"Heredity, culture, environment, society",Yes,Yes treatment to control maladaptive symptoms is possible. Both medication and therapy might be needed to help the person cope depending on the nature and severity of the problem,No,N/A
Hindhu,India,It can be biological and environmental influence,Yes,With proper therapy and psychiatric medicines if needed,No,N/A
Hindhu,India,N/A,Yes,N/A,No,N/A
Hindhu,India,Stress,Yes,Therapy,No,N/A
Hindhu,India,Surrounding conditions,Yes,By providing support from friend and family member,No,N/A
Islam,India,"Pressure , stigma",Yes,"Therapy, less stigma",No,N/A
Islam,India,Too much stress,Yes,By sharing things to our friends and family letting them know about the trouble you're going through,No,N/A
Budhist,Sri Lanka,N/A,Yes,"Therapy, Medication",No,N/A
Islam,Sri Lanka,Expectations,Yes,"If the way of thinking of a person can be changed, then mental health can be treated",No,N/A
Islam,Sri Lanka,Financial  or work stress,Yes,Counselling,No,N/A
Islam,Sri Lanka,Stress,Yes,"Having a good relationship, meditation, trying to get a stress-free life",No,N/A
Other,Pakistan,"Domestic issues, Financial dependence, child abuse, harassment, even ongoing disturbed circumstances in Palestine, Sudan and Congo",Yes,"Yes it can be treated by various techniques like psychoeducation, therapies etc.",No,N/A
Other,Pakistan,Environment,Yes,N/A,No,N/A
Christian,Pakistan,Stress,Yes,N/A,No,N/A
Islam,Pakistan,Anxiety,Yes,Yes...through medicines and therapies it is possible,No,N/A
Islam,Pakistan,Any external issues may,Yes,By therapy maybe,No,N/A
Islam,Pakistan,behaviour of society,Yes,if discussed with professionals,No,N/A
Islam,Pakistan,Being away from religion particularly Islam,Yes,"Having Faith on Allah, counselling, acknowledging that I have a  disorder...",No,N/A
Islam,Pakistan,"Childhood abuse , trauma, neglect",Yes,"There are many different treatment options available . individual can chose the treatment or combination of treatment, which works best.",No,N/A
Islam,Pakistan,Constant criticism on a person in his childhood,Yes,N/A,No,N/A
Islam,Pakistan,Current issues like expensiveness,Yes,With medical equipment and remove stress,No,N/A
Islam,Pakistan,Depression,Yes,N/A,No,N/A
Islam,Pakistan,Depression,Yes,N/A,No,N/A
Islam,Pakistan,Depression,Yes,By the treatment from psychiatrist & psychologist,No,N/A
Islam,Pakistan,Depression,Yes,By the treatment from psychiatrist and psychologist,No,N/A
Islam,Pakistan,Depression,Yes,My counseling it with a professional,No,N/A
Islam,Pakistan,Dippression,Yes,Psychotherapist  medication hospitalization.,No,N/A
Islam,Pakistan,Domestic problems,Yes,Through proper consultation and therapy sessions,No,N/A
Islam,Pakistan,Environment,Yes,Bcz of environment,No,N/A
Islam,Pakistan,Environment,Yes,Psychological therapies can be helpful,No,N/A
Islam,Pakistan,Environment in which people live,Yes,With conversation hearing other thoughts,No,N/A
Islam,Pakistan,"Excessive Social media use, toxic relationships",Yes,N/A,No,N/A
Islam,Pakistan,Expectations & Ignorance,Yes,N/A,No,N/A
Islam,Pakistan,Family behaviour or society behaviour,Yes,By ignore them,No,N/A
Islam,Pakistan,Family issues,Yes,N/A,No,N/A
Islam,Pakistan,Family issues and pressure,Yes,By guidance and seeking a psychologist,No,N/A
Islam,Pakistan,Fight between parents,Yes,By offer prayers,No,N/A
Islam,Pakistan,I believe the main cause is our environment and people lives around us.,Yes,I think of course with the help of good behavior,No,N/A
Islam,Pakistan,I guess childhood trauma's is the main caused,Yes,Except shezophrenia the other mental heath issues can be treated through therapy,No,N/A
Islam,Pakistan,I think its biggest cause is lack of communication and understanding,Yes,"Yes it can be treated by the of people around the person, by communicating and discuss the problems",No,N/A
Islam,Pakistan,Lack believe from Allah Almighty,Yes,"It is treated by therapies,medication etc",No,N/A
Islam,Pakistan,Life trauma,Yes,By acknowledging it and trying to work with it so it can't control you,No,N/A
Islam,Pakistan,Many reasons,Yes,Through treatment,No,N/A
Islam,Pakistan,Mental health cause by our environment and also ones mind badly affect by situation and many more tension of every day in pakistan these matters are alot,Yes,Yes treated,No,N/A
Islam,Pakistan,N/A,Yes,N/A,No,N/A
Islam,Pakistan,N/A,Yes,N/A,No,N/A
Islam,Pakistan,N/A,Yes,N/A,No,N/A
Islam,Pakistan,N/A,Yes,N/A,No,N/A
Islam,Pakistan,N/A,Yes,N/A,No,N/A
Islam,Pakistan,N/A,Yes,N/A,No,N/A
Islam,Pakistan,N/A,Yes,Because of psychologist session,No,N/A
Islam,Pakistan,N/A,Yes,If proper check the doctor it is treated,No,N/A
Islam,Pakistan,N/A,Yes,Yes because the stressed person adopt mental health conditions,No,N/A
Islam,Pakistan,Nill,Yes,N/A,No,N/A
Islam,Pakistan,Nope,Yes,Yes it effects on humans to much either its bad or it's good,No,N/A
Islam,Pakistan,"Not a specific cause.But i guess the environment, parents and society around us.",Yes,I think by attention.By giving time to patient. Trying to understand and showing affection to patient.,No,N/A
Islam,Pakistan,Nothing,Yes,By knowing these problem,No,N/A
Islam,Pakistan,Overthinking,Yes,N/A,No,N/A
Islam,Pakistan,Poor sleep,Yes,N/A,No,N/A
Islam,Pakistan,Poverty,Yes,N/A,No,N/A
Islam,Pakistan,Pressure from the society and tough competition among masses,Yes,By providing counselling and rehabilitation,No,N/A
Islam,Pakistan,problems,Yes,N/A,No,N/A
Islam,Pakistan,Repressing initial signals and constantly brushing our little problems under the carpet.,Yes,"It depends on the severity level, if someone gets help at earlier  stages then more chances to become healthier as before.",No,N/A
Islam,Pakistan,"So many things contribute to it. Sometimes childhood traumas are cause behind this. In our daily life we go through so many problems like physical health, job issues, child abuse etc may become the cause of mental illness.",Yes,It can be treated but we can not complete mental health restore because in ur society other people not help to mentally unstable person as much as he need. If we help him in a better way we can take him towards normal life like others,No,N/A
Islam,Pakistan,Social loneliness,Yes,By psychological therapies,No,N/A
Islam,Pakistan,Society behavior,Yes,To be relaxed,No,N/A
Islam,Pakistan,Society issues,Yes,With the help of psychologists,No,N/A
Islam,Pakistan,Society pressure,Yes,By taking proper medication from a therapist and with seeking help from Allah Pak,No,N/A
Islam,Pakistan,Some tramatic condition,Yes,Due to tharapies and medicine,No,N/A
Islam,Pakistan,stress,Yes,N/A,No,N/A
Islam,Pakistan,Stress,Yes,By seeking doctor,No,N/A
Islam,Pakistan,Stress,Yes,Can b treated by therapy nd medication,No,N/A
Islam,Pakistan,Stress,Yes,Family company and proper diagnosis,No,N/A
Islam,Pakistan,Stress,Yes,Gradullay but with care,No,N/A
Islam,Pakistan,Stress,Yes,If ur mental health is on initial try than it can be treated,No,N/A
Islam,Pakistan,Stress,Yes,Rehabilitation,No,N/A
Islam,Pakistan,Stress,Yes,Treated by consullenig,No,N/A
Islam,Pakistan,Stress,Yes,Yes but not for forever,No,N/A
Islam,Pakistan,Stress,Yes,"Yes, by proper medication",No,N/A
Islam,Pakistan,Stress or depression,Yes,By proper counselling,No,N/A
Islam,Pakistan,Tanuting,Yes,Providing the right atmosphere,No,N/A
Islam,Pakistan,Tension,Yes,N/A,No,N/A
Islam,Pakistan,Tension,Yes,N/A,No,N/A
Islam,Pakistan,Tension,Yes,By providing free talk,No,N/A
Islam,Pakistan,"These include biological factors (e.g., brain trauma), psychological factors (e.g., stressful events), and sociocultural factors (e.g., poverty). A family history of mental and addictive disorders also can increase risk.",Yes,"Psychological therapies can be helpful for most people affected by mental health issues. For some mental health conditions, medications can also be helpful. Other support options include counselling, peer support, and community support services.",No,N/A
Islam,Pakistan,Thinking pattern,Yes,Under psychiatric care and due to proper counseling,No,N/A
Islam,Pakistan,To much stress,Yes,By relaxing some one and gave him all the need he want,No,N/A
Islam,Pakistan,Traumatic events and hypertension,Yes,We can treat them . But it is slow process.,No,N/A
Islam,Pakistan,"Truma ,complex",Yes,N/A,No,N/A
Islam,Pakistan,Unpleasant environment,Yes,By doing the things which make u feel relax,No,N/A
Islam,Pakistan,Yes i believe,Yes,Psychologist can treat mental health,No,N/A
Islam,Pakistan,Depression and don't share the problem with special ones,Yes,N/A,No,N/A
Islam,Pakistan,Mental health,Yes,N/A,No,N/A
Islam,Pakistan,Societal approval in any case,Yes,Different yardstick used to treat it either it is therapies with psychologist or through medication by physicatrist,No,N/A
Islam,Pakistan,"Anxiety, depression",Yes,N/A,No,N/A
Islam,Pakistan,Better with medicine and good environment,Yes,Good through medicines and environment,No,N/A
Islam,Pakistan,Depression,Yes,Some treatment or medicines are available for mental treatment,No,N/A
Islam,Pakistan,Depression,Yes,Yah of course it can be treated through a proper treatment,No,N/A
Islam,Pakistan,Depression,Yes,"Yes, by proper medication and Care",No,N/A
Islam,Pakistan,Depression and stress,Yes,Yes,No,N/A
Islam,Pakistan,Depression is main key of mental health conditions,Yes,By counseling and rehabilitation,No,N/A
Islam,Pakistan,economic issues,Yes,N/A,No,N/A
Islam,Pakistan,"Environmental factors, family, social relationship issues",Yes,With therapies counselling and taking medication,No,N/A
Islam,Pakistan,Environmental issues,Yes,N/A,No,N/A
Islam,Pakistan,Family crisis,Yes,By resolving main cause,No,N/A
Islam,Pakistan,"Family pressure, comparisons with others, complexity",Yes,By providing healthy environment,No,N/A
Islam,Pakistan,In my opinion its become hectic .,Yes,In certain conditions person loss their mental health but it must be treated and best way through love and affirmation.,No,N/A
Islam,Pakistan,it can be cure able i guess,Yes,with patience,No,N/A
Islam,Pakistan,Multiple reasons,Yes,N/A,No,N/A
Islam,Pakistan,N/A,Yes,N/A,No,N/A
Islam,Pakistan,N/A,Yes,N/A,No,N/A
Islam,Pakistan,N/A,Yes,N/A,No,N/A
Islam,Pakistan,N/A,Yes,As good and friendly environment,No,N/A
Islam,Pakistan,Nurture,Yes,By improving lifestyle,No,N/A
Islam,Pakistan,People,Yes,N/A,No,N/A
Islam,Pakistan,People not minding their own business,Yes,"Therapies, counseling",No,N/A
Islam,Pakistan,Stress,Yes,Yes through treatment,No,N/A
Islam,Pakistan,Stress childhood trauma or any problematic situation which are unable to overcome,Yes,With professional help and guidance,No,N/A
Islam,Pakistan,The biggest cause is I think environment. Genetic factors are also involved.,Yes,"Yes, with a formal treatment and a supportive and caring environment",No,N/A
Islam,Pakistan,The cause of mental health is not getting the proper attention. I'm not saying that every mental illness is due to this,Yes,It can be treated and can lead to better health conditions by focusing on the treatment. The support of the family matters alot.,No,N/A
Islam,Pakistan,Toxicity of relationship and parents pressure to get good grades,Yes,N/A,No,N/A
Islam,Pakistan,Unhealthy events,Yes,Can be treated with the help of mental health practitioners,No,N/A
Hindhu,Nepal,Environment and Brain Chemistry,Yes,It can be treated by psychotherapy.,No,N/A
Hindhu,Nepal,"genetics, environmental factors, stress, disturbed sleep,",Yes,"psychosocial counselling, CBT, Pharmacotherapy",No,N/A
Hindhu,Nepal,N/A,Yes,N/A,No,N/A
Hindhu,Nepal,Working environment and career goals,Yes,By maintaining good workspace,No,N/A
Hindhu,Nepal,Family toucher,Yes,By caring,No,N/A
Hindhu,Nepal,overthinking,Yes,N/A,No,N/A
Hindhu,Bangladesh,Economical and family life and surrounding environment,Yes,N/A,No,N/A
Hindhu,Bangladesh,"Stress, lack of peace in family,lack of understanding between husband wife",Yes,N/A,No,N/A
Islam,Bangladesh,"Genetic, experience, trauma and ignorance",Yes,Proper treatment - medicine and non-medicine,No,N/A
Islam,Bangladesh,"Mental health conditions are multifaceted and influenced by a combination of factors. Biological factors, such as genetic predispositions or imbalances in brain chemistry, play a role. Environmental factors, including traumatic experiences or chronic stress, can contribute to their development. Psychological factors, such as individual coping mechanisms and cognitive patterns, also impact mental well-being. Additionally, social factors like socioeconomic status, cultural influences, and access to resources have an influence. It is important to recognize that mental health conditions are not caused by a single factor, but rather emerge from a complex interplay of these various elements. Understanding these factors is crucial for effective prevention, treatment, and support of individuals experiencing mental health challenges.",Yes,"Yes, mental health conditions can be treated. Treatment approaches may include psychotherapy/counseling, medication, and lifestyle changes. Seeking professional help and adopting a personalized approach can contribute to managing and improving mental health.",No,N/A
Islam,Bangladesh,"Proper food,sleep,entertainment or sports",Yes,By physician or Psychologist or counseling,No,N/A
Islam,Bangladesh,Stress,Yes,Need care,No,N/A
Islam,Bangladesh,Trauma,Yes,By proper treatment,No,N/A
Islam,Bangladesh,Various reasons depending on individual circumstances. Examples could be peer pressure that could lead to anxiety and feeling of imposter syndrome or other similar feelings that would impact mental health.,Yes,By addressing the problem through professional help.,No,N/A
Hindhu,Bangladesh,N/A,Yes,yes,No,N/A
Islam,Bangladesh,Disease,Yes,Yes by doctor,No,N/A
Islam,Bangladesh,I don't know,Yes,N/A,No,N/A
Islam,Bangladesh,overall environment,Yes,N/A,No,N/A
Islam,Pakistan,"I am sure it varies person to person and personal circumstances, environment etc. To me, it could be heredity, environment, trauma (both physical & mental) and biological.",Yes,"By a mental health profession, medication, self-help plan, support groups etc.",N/A,N/A
Islam,Pakistan,Stress of career and other family issues,Yes,By understanding and listening them,N/A,N/A
